Project,Project-URL,Filename,License,Attribution,Image-URI,MIME type,Event
Alt-Berlin,https://codingdavinci.de/de/projekte/alt-berlin,alt-berlin-app.jpg,,,/sites/default/files/2019-07/alt-berlin-app.jpg,image/jpeg,Berlin 2014
Berlin - 50 Jahre später,https://codingdavinci.de/de/projekte/berlin-50-jahre-spaeter,berlin-50-jahre.png,,,/sites/default/files/2019-07/berlin-50-jahre.png,image/png,Berlin 2014
Bestimmungsschlüssel,https://codingdavinci.de/de/projekte/bestimmungsschluessel,bestimmungsschluessel.png,,,/sites/default/files/2019-07/bestimmungsschluessel.png,image/png,Berlin 2014
Cyberbeetle,https://codingdavinci.de/de/projekte/cyberbeetle,cyberbeetle.jpg,,,/sites/default/files/2019-07/cyberbeetle.jpg,image/jpeg,Berlin 2014
DDBRest,https://codingdavinci.de/de/projekte/ddbrest,ddbrest.png,,,/sites/default/files/2019-07/ddbrest.png,image/png,Berlin 2014
DNB - Data Explorer,https://codingdavinci.de/de/projekte/dnb-data-explorer,dnb-explorer1.png,,,/sites/default/files/2019-07/dnb-explorer1.png,image/png,Berlin 2014
EthnoBand,https://codingdavinci.de/de/projekte/ethnoband,ethnoband.png,,,/sites/default/files/2019-07/ethnoband.png,image/png,Berlin 2014
EthnoTier,https://codingdavinci.de/de/projekte/ethnotier,ethnotier.png,,,/sites/default/files/2019-07/ethnotier.png,image/png,Berlin 2014
inside - 19xx,https://codingdavinci.de/de/projekte/inside-19xx,inside-19xx.jpg,CC BY,Verbrannte und Verbannte,/sites/default/files/2019-07/inside-19xx.jpg,image/jpeg,Berlin 2014
Kulturchronologie,https://codingdavinci.de/de/projekte/kulturchronologie,kulturchronologie.jpg,,,/sites/default/files/2019-07/kulturchronologie.jpg,image/jpeg,Berlin 2014
Lebendige Liste,https://codingdavinci.de/de/projekte/lebendige-liste,lebendige-liste.png,,,/sites/default/files/2019-07/lebendige-liste.png,image/png,Berlin 2014
Mnemosyne,https://codingdavinci.de/de/projekte/mnemosyne,mnemosyne.png,,,/sites/default/files/2019-07/mnemosyne.png,image/png,Berlin 2014
Poetic Relief - תבליט פיוטי,https://codingdavinci.de/de/projekte/poetic-relief-tblyt-pywty,poetic-relief-1.png,,,/sites/default/files/2019-07/poetic-relief-1.png,image/png,Berlin 2014
SnatchTheCultureGame,https://codingdavinci.de/de/projekte/snatchtheculturegame,snatch-the-culture-game.jpg,,,/sites/default/files/2019-07/snatch-the-culture-game.jpg,image/jpeg,Berlin 2014
Soundwall-App,https://codingdavinci.de/de/projekte/soundwall-app,soundwall.jpg,,,/sites/default/files/2019-07/soundwall.jpg,image/jpeg,Berlin 2014
Verbotene Autoren,https://codingdavinci.de/de/projekte/verbotene-autoren,app-verbotene-autoren.png,,,/sites/default/files/2019-07/app-verbotene-autoren.png,image/png,Berlin 2014
zzZwitscherwecker,https://codingdavinci.de/de/projekte/zzzwitscherwecker,wecker.jpg,,,/sites/default/files/2019-07/wecker.jpg,image/jpeg,Berlin 2014
Bilder der Revolte,https://codingdavinci.de/de/projekte/bilder-der-revolte,bilder-der-revolte_logo.jpg,,,/sites/default/files/2019-07/bilder-der-revolte_logo.jpg,image/jpeg,Berlin 2015
Chasing Pictures,https://codingdavinci.de/de/projekte/chasing-pictures,chasingpictures_logo.jpg,,,/sites/default/files/2019-07/chasingpictures_logo.jpg,image/jpeg,Berlin 2015
FLEXT@cdv,https://codingdavinci.de/de/projekte/flextcdv,default-active.png,CC0,,/sites/default/files/2019-07/default-active.png,image/png,Berlin 2015
floradex,https://codingdavinci.de/de/projekte/floradex,floradex_logo.png,,,/sites/default/files/2019-07/floradex_logo.png,image/png,Berlin 2015
Grips Theater Plakatarchiv,https://codingdavinci.de/de/projekte/grips-theater-plakatarchiv,default-active.png,,,/sites/default/files/2019-07/default-active.png,image/png,Berlin 2015
Der Großstadtziegel,https://codingdavinci.de/de/projekte/der-grossstadtziegel,default-active.png,,,/sites/default/files/2019-07/default-active.png,image/png,Berlin 2015
imperii-vis,https://codingdavinci.de/de/projekte/imperii-vis,default-active.png,,,/sites/default/files/2019-07/default-active.png,image/png,Berlin 2015
Klangvisualisierung,https://codingdavinci.de/de/projekte/klangvisualisierung,klangvisualisierung_logo.png,,,/sites/default/files/2019-07/klangvisualisierung_logo.png,image/png,Berlin 2015
Kurbelkamera,https://codingdavinci.de/de/projekte/kurbelkamera,kurbelkamera_logo.png,,,/sites/default/files/2019-07/kurbelkamera_logo.png,image/png,Berlin 2015
Languini,https://codingdavinci.de/de/projekte/languini,languini_logo.png,,,/sites/default/files/2019-07/languini_logo.png,image/png,Berlin 2015
Little Piano,https://codingdavinci.de/de/projekte/little-piano,little-piano_logo.png,,,/sites/default/files/2019-07/little-piano_logo.png,image/png,Berlin 2015
"Maya Codex in 2,2 Gigapixeln",https://codingdavinci.de/de/projekte/maya-codex-22-gigapixeln,mayakodex.png,,,/sites/default/files/2019-07/mayakodex.png,image/png,Berlin 2015
MIDIOLA,https://codingdavinci.de/de/projekte/midiola,default-active.png,,,/sites/default/files/2019-07/default-active.png,image/png,Berlin 2015
Munhwa,https://codingdavinci.de/de/projekte/munhwa,munhwa-logo.png,,,/sites/default/files/2019-07/munhwa-logo.png,image/png,Berlin 2015
Musikus,https://codingdavinci.de/de/projekte/musikus,musikus_logo.png,,,/sites/default/files/2019-07/musikus_logo.png,image/png,Berlin 2015
Nürnberger Lebkuchen,https://codingdavinci.de/de/projekte/nuernberger-lebkuchen,nuernberger-lebkuchen_logo.png,,,/sites/default/files/2019-07/nuernberger-lebkuchen_logo.png,image/png,Berlin 2015
Patents in Motion,https://codingdavinci.de/de/projekte/patents-motion,patentsinmotion_logo.png,,,/sites/default/files/2019-07/patentsinmotion_logo.png,image/png,Berlin 2015
Pyanola,https://codingdavinci.de/de/projekte/pyanola,pyanola_logo.png,,,/sites/default/files/2019-07/pyanola_logo.png,image/png,Berlin 2015
Rolling Stone,https://codingdavinci.de/de/projekte/rolling-stone,rolling_stone_logo.png,,,/sites/default/files/2019-07/rolling_stone_logo.png,image/png,Berlin 2015
veikkos-archiv / Geschichte 2.0,https://codingdavinci.de/de/projekte/veikkos-archiv-geschichte-20,Veikkos-Comic18.jpg,,,/sites/default/files/2019-07/Veikkos-Comic18.jpg,image/jpeg,Berlin 2015
Wasserspeyer,https://codingdavinci.de/de/projekte/wasserspeyer,default-active.png,,,/sites/default/files/2019-07/default-active.png,image/png,Berlin 2015
Wiederaufbau Ost-Berlin,https://codingdavinci.de/de/projekte/wiederaufbau-ost-berlin,Screenshot_2019-08-01 Aufbau Ost-Berlin.png,,,/sites/default/files/2019-08/Screenshot_2019-08-01%20Aufbau%20Ost-Berlin.png,image/png,Berlin 2015
Archäologische Kulturdaten für Schulen,https://codingdavinci.de/de/projekte/archaeologische-kulturdaten-fuer-schulen,edu-sharing.jpg,,,/sites/default/files/2019-07/edu-sharing.jpg,image/jpeg,Nord 2016
Chronoscope Hamburg / Chronoscope World,https://codingdavinci.de/de/projekte/chronoscope-hamburg-chronoscope-world,Chronoscope-iPadiPhone_1280.jpg,,,/sites/default/files/2019-07/Chronoscope-iPadiPhone_1280.jpg,image/jpeg,Nord 2016
Hamburger Schüler im Museum,https://codingdavinci.de/de/projekte/hamburger-schueler-im-museum,hamburger-schueler.png,,,/sites/default/files/2019-07/hamburger-schueler.png,image/png,Nord 2016
Hansestadt Hamburgs Historical Heritage (HH-HH),https://codingdavinci.de/de/projekte/hansestadt-hamburgs-historical-heritage-hh-hh,HHHH_Titelbild.jpg,,,/sites/default/files/2019-07/HHHH_Titelbild.jpg,image/jpeg,Nord 2016
Histblogger – Kopergravure,https://codingdavinci.de/de/projekte/histblogger-kopergravure,HistbloggerBild.jpg,,,/sites/default/files/2019-07/HistbloggerBild.jpg,image/jpeg,Nord 2016
Klang der Sterne,https://codingdavinci.de/de/projekte/klang-der-sterne,klang-der-sterne.png,,,/sites/default/files/2019-07/klang-der-sterne.png,image/png,Nord 2016
kollekTOURmat – unterwegs in Hamburg,https://codingdavinci.de/de/projekte/kollektourmat-unterwegs-hamburg,kollekTOURmat_Karte.png,,,/sites/default/files/2019-07/kollekTOURmat_Karte.png,image/png,Nord 2016
Kupferguerillas,https://codingdavinci.de/de/projekte/kupferguerillas,kupferguerillas.png,,,/sites/default/files/2019-07/kupferguerillas.png,image/png,Nord 2016
Language & Places,https://codingdavinci.de/de/projekte/language-places,language_places.jpg,,,/sites/default/files/2019-07/language_places.jpg,image/jpeg,Nord 2016
MKGo,https://codingdavinci.de/de/projekte/mkgo,mkgo_collage.png,,,/sites/default/files/2019-07/mkgo_collage.png,image/png,Nord 2016
Münz-Memory,https://codingdavinci.de/de/projekte/muenz-memory,muenz-memory.png,,,/sites/default/files/2019-07/muenz-memory.png,image/png,Nord 2016
sieben x zwei – Von Tugenden und Lastern,https://codingdavinci.de/de/projekte/sieben-x-zwei-von-tugenden-und-lastern,siebenxzwei.jpg,,,/sites/default/files/2019-07/siebenxzwei.jpg,image/jpeg,Nord 2016
SOS – Sound of Sails,https://codingdavinci.de/de/projekte/sos-sound-sails,sound-of-sails.png,,,/sites/default/files/2019-07/sound-of-sails.png,image/png,Nord 2016
Unser modernes Hamburg // Fritz Schumacher,https://codingdavinci.de/de/projekte/unser-modernes-hamburg-fritz-schumacher,Unser_modernes_Hamburg.png,,,/sites/default/files/2019-07/Unser_modernes_Hamburg.png,image/png,Nord 2016
Verbreitung von Familiennamen,https://codingdavinci.de/de/projekte/verbreitung-von-familiennamen,familiennamen_0.png,,,/sites/default/files/2019-07/familiennamen_0.png,image/png,Nord 2016
Visiting Landmarks,https://codingdavinci.de/de/projekte/visiting-landmarks,VisitingLandmarks.jpg,,,/sites/default/files/2019-07/VisitingLandmarks.jpg,image/jpeg,Nord 2016
Zeitblick,https://codingdavinci.de/de/projekte/zeitblick,Zeitblick_App_Launchscreen.png,,,/sites/default/files/2019-07/Zeitblick_App_Launchscreen.png,image/png,Nord 2016
Altpapier,https://codingdavinci.de/de/projekte/altpapier,altpapier.png,,,/sites/default/files/2019-07/altpapier.png,image/png,Berlin 2017
Berliner Schlagzeilen,https://codingdavinci.de/de/projekte/berliner-schlagzeilen,ber_schlagzeilen.png,,,/sites/default/files/2019-07/ber_schlagzeilen.png,image/png,Berlin 2017
Bertuchs Bilderspiel,https://codingdavinci.de/de/projekte/bertuchs-bilderspiel,bertuchs_bilderspiel.png,,,/sites/default/files/2019-07/bertuchs_bilderspiel.png,image/png,Berlin 2017
BOMBUS,https://codingdavinci.de/de/projekte/bombus,bombus.jpg,,,/sites/default/files/2019-07/bombus.jpg,image/jpeg,Berlin 2017
Deep Ochsenkopf,https://codingdavinci.de/de/projekte/deep-ochsenkopf,deep_ochsenkopf.jpg,,,/sites/default/files/2019-07/deep_ochsenkopf.jpg,image/jpeg,Berlin 2017
Historisches Fahrkarten-Memory,https://codingdavinci.de/de/projekte/historisches-fahrkarten-memory,fahrkarten_memory.jpg,,,/sites/default/files/2019-07/fahrkarten_memory.jpg,image/jpeg,Berlin 2017
Free Bugs,https://codingdavinci.de/de/projekte/free-bugs,freebugs.jpg,,,/sites/default/files/2019-07/freebugs.jpg,image/jpeg,Berlin 2017
FRITZ reist um die Welt,https://codingdavinci.de/de/projekte/fritz-reist-um-die-welt,fritz.png,,,/sites/default/files/2019-07/fritz.png,image/png,Berlin 2017
Haxorpoda Collective,https://codingdavinci.de/de/projekte/haxorpoda-collective,haxorpoda.jpg,,,/sites/default/files/2019-07/haxorpoda.jpg,image/jpeg,Berlin 2017
Exploring The Hidden Kosmos,https://codingdavinci.de/de/projekte/exploring-hidden-kosmos,hidden_kosmos.jpg,,,/sites/default/files/2019-07/hidden_kosmos.jpg,image/jpeg,Berlin 2017
Marbles of Remembrance (Murmeln der Erinnerung),https://codingdavinci.de/de/projekte/marbles-remembrance-murmeln-der-erinnerung,marbles.png,,,/sites/default/files/2019-07/marbles.png,image/png,Berlin 2017
Berliner MauAR,https://codingdavinci.de/de/projekte/berliner-mauar,mauar.png,,,/sites/default/files/2019-07/mauar.png,image/png,Berlin 2017
Musik Lovers,https://codingdavinci.de/de/projekte/musik-lovers,musik_lovers.png,,,/sites/default/files/2019-07/musik_lovers.png,image/png,Berlin 2017
Skelex,https://codingdavinci.de/de/projekte/skelex,skelex.png,,,/sites/default/files/2019-07/skelex.png,image/png,Berlin 2017
Visualisierung jüdischen Lebens,https://codingdavinci.de/de/projekte/visualisierung-juedischen-lebens,visjuedleb.png,,,/sites/default/files/2019-07/visjuedleb.png,image/png,Berlin 2017
Äpfel und Birnen,https://codingdavinci.de/de/projekte/aepfel-und-birnen,aepfel_und_birnen.jpg,,,/sites/default/files/2019-07/aepfel_und_birnen.jpg,image/jpeg,Ost 2018
Altlas,https://codingdavinci.de/de/projekte/altlas,altlas.jpg,CC BY-SA 4.0,Lisa Ihde,/sites/default/files/2019-07/altlas.jpg,image/jpeg,Ost 2018
AnimalBeatbox,https://codingdavinci.de/de/projekte/animalbeatbox,animal_beatbox.jpg,,,/sites/default/files/2019-07/animal_beatbox.jpg,image/jpeg,Ost 2018
Birdory,https://codingdavinci.de/de/projekte/birdory,birdory.jpg,,,/sites/default/files/2019-07/birdory.jpg,image/jpeg,Ost 2018
Börsendaten,https://codingdavinci.de/de/projekte/boersendaten,boersendaten.jpg,,,/sites/default/files/2019-07/boersendaten.jpg,image/jpeg,Ost 2018
Damals,https://codingdavinci.de/de/projekte/damals,damals.jpg,,,/sites/default/files/2019-07/damals.jpg,image/jpeg,Ost 2018
JibJib,https://codingdavinci.de/de/projekte/jibjib,jibjib.jpg,,,/sites/default/files/2019-07/jibjib.jpg,image/jpeg,Ost 2018
ChronoAtlas,https://codingdavinci.de/de/projekte/chronoatlas,leibniz_maps.jpg,,,/sites/default/files/2019-07/leibniz_maps.jpg,image/jpeg,Ost 2018
MDMA – Make Deep Art Accessible,https://codingdavinci.de/de/projekte/mdma-make-deep-art-accessible,mdma.jpg,,,/sites/default/files/2019-07/mdma.jpg,image/jpeg,Ost 2018
Die virtuelle Mittagsfrau,https://codingdavinci.de/de/projekte/die-virtuelle-mittagsfrau,virtuelle_mittagsfrau.jpg,,,/sites/default/files/2019-07/virtuelle_mittagsfrau.jpg,image/jpeg,Ost 2018
nachgeradelt.de – Coden wie die Stahlroßreiter,https://codingdavinci.de/de/projekte/nachgeradeltde-coden-wie-die-stahlrossreiter,nachgeradelt.jpg,,,/sites/default/files/2019-07/nachgeradelt.jpg,image/jpeg,Ost 2018
Schreib doch mal wieder!,https://codingdavinci.de/de/projekte/schreib-doch-mal-wieder,schreibdochmalwieder.jpg,,,/sites/default/files/2019-07/schreibdochmalwieder.jpg,image/jpeg,Ost 2018
SnailSnap,https://codingdavinci.de/de/projekte/snailsnap,snailsnap.jpg,CC BY 4.0,Lisa Ihde,/sites/default/files/2019-07/snailsnap.jpg,image/jpeg,Ost 2018
Talhoffer Quiz,https://codingdavinci.de/de/projekte/talhoffer-quiz,talhoffer_quiz.jpg,,,/sites/default/files/2019-07/talhoffer_quiz.jpg,image/jpeg,Ost 2018
ANTLITZ.NINJA,https://codingdavinci.de/de/projekte/antlitzninja,anlitz_ninja.jpg,,,/sites/default/files/2019-07/anlitz_ninja.jpg,image/jpeg,Rhein-Main 2018
Artific,https://codingdavinci.de/de/projekte/artific,artific.jpg,,,/sites/default/files/2019-07/artific.jpg,image/jpeg,Rhein-Main 2018
Battlesim,https://codingdavinci.de/de/projekte/battlesim,battle.png,CC BY-SA 4.0,Lukas Wagner,/sites/default/files/2019-07/battle.png,image/png,Rhein-Main 2018
Brentano2go@VR,https://codingdavinci.de/de/projekte/brentano2govr,brentano2go.jpg,,,/sites/default/files/2019-07/brentano2go.jpg,image/jpeg,Rhein-Main 2018
Das bewegte Kleid,https://codingdavinci.de/de/projekte/das-bewegte-kleid,bewegtes_kleid.png,,,/sites/default/files/2019-07/bewegtes_kleid.png,image/png,Rhein-Main 2018
DeliveryDetector,https://codingdavinci.de/de/projekte/deliverydetector,delivery_detector.jpg,CC BY-SA 4.0,Daniel-Amadeus Johannes Glöckner,/sites/default/files/2019-07/delivery_detector.jpg,image/jpeg,Rhein-Main 2018
Friedrich der Dritte spricht,https://codingdavinci.de/de/projekte/friedrich-der-dritte-spricht,friedrich_III.jpg,,,/sites/default/files/2019-07/friedrich_III.jpg,image/jpeg,Rhein-Main 2018
Gensfleisch ist kein Gemüse,https://codingdavinci.de/de/projekte/gensfleisch-ist-kein-gemuese,gutenberg_in_mainz.png,,,/sites/default/files/2019-07/gutenberg_in_mainz.png,image/png,Rhein-Main 2018
Kleid-er-leben,https://codingdavinci.de/de/projekte/kleid-er-leben,kleiderleben.png,,,/sites/default/files/2019-07/kleiderleben.png,image/png,Rhein-Main 2018
Kriegskartenkarte,https://codingdavinci.de/de/projekte/kriegskartenkarte,kriegskartenkarte.png,,,/sites/default/files/2019-07/kriegskartenkarte.png,image/png,Rhein-Main 2018
MonsterMelodies,https://codingdavinci.de/de/projekte/monstermelodies,monstermelodies.png,,,/sites/default/files/2019-07/monstermelodies.png,image/png,Rhein-Main 2018
Mylius Spuren,https://codingdavinci.de/de/projekte/mylius-spuren,mylius_spuren.png,,,/sites/default/files/2019-07/mylius_spuren.png,image/png,Rhein-Main 2018
RingRing,https://codingdavinci.de/de/projekte/ringring,ring_ring.png,,,/sites/default/files/2019-07/ring_ring.png,image/png,Rhein-Main 2018
"Spieglein, Spieglein",https://codingdavinci.de/de/projekte/spieglein-spieglein,spieglein.png,CC BY-SA 4.0,Fabian Moritz Schneider,/sites/default/files/2019-07/spieglein.png,image/png,Rhein-Main 2018
TourWizArt,https://codingdavinci.de/de/projekte/tourwizart,tour_wiz_art.png,,,/sites/default/files/2019-07/tour_wiz_art.png,image/png,Rhein-Main 2018
past forward,https://codingdavinci.de/de/projekte/past-forward,pastforward.png,,,/sites/default/files/2019-07/pastforward.png,image/png,Rhein-Main 2018
Cards and Dragons,https://codingdavinci.de/de/projekte/cards-and-dragons,cards_and_dragons.JPG,,,/sites/default/files/2019-07/cards_and_dragons.JPG,image/jpeg,Süd 2019
COVER.BOUTIQUE,https://codingdavinci.de/de/projekte/coverboutique,cover_boutique.png,,,/sites/default/files/2019-07/cover_boutique.png,image/png,Süd 2019
Craftspeople,https://codingdavinci.de/de/projekte/craftspeople,craftspeople.JPG,,,/sites/default/files/2019-07/craftspeople.JPG,image/jpeg,Süd 2019
Evacuate Stuttgart,https://codingdavinci.de/de/projekte/evacuate-stuttgart,evacuate_stuttgart.jpg,,,/sites/default/files/2019-07/evacuate_stuttgart.jpg,image/jpeg,Süd 2019
Femtett Adventure Game,https://codingdavinci.de/de/projekte/femtett-adventure-game,femtett.jpg,,,/sites/default/files/2019-07/femtett.jpg,image/jpeg,Süd 2019
Fränkische Reise,https://codingdavinci.de/de/projekte/fraenkische-reise,fraenkische_reise.png,,,/sites/default/files/2019-07/fraenkische_reise.png,image/png,Süd 2019
GastroGrantler,https://codingdavinci.de/de/projekte/gastrograntler,gastrograntler.jpg,,,/sites/default/files/2019-07/gastrograntler.jpg,image/jpeg,Süd 2019
Global Postmaster,https://codingdavinci.de/de/projekte/global-postmaster,global_postmaster.jpg,,,/sites/default/files/2019-07/global_postmaster.jpg,image/jpeg,Süd 2019
Kaiserpanorama VR+,https://codingdavinci.de/de/projekte/kaiserpanorama-vr,kaiserpanorama.jpg,,,/sites/default/files/2019-07/kaiserpanorama.jpg,image/jpeg,Süd 2019
Lauter Langweilige Sachen?,https://codingdavinci.de/de/projekte/lauter-langweilige-sachen,lauter_langweilige_sachen.png,,,/sites/default/files/2019-07/lauter_langweilige_sachen.png,image/png,Süd 2019
Linked Stage Graph,https://codingdavinci.de/de/projekte/linked-stage-graph,linked_stage_graph.png,,,/sites/default/files/2019-07/linked_stage_graph.png,image/png,Süd 2019
Math with Models,https://codingdavinci.de/de/projekte/math-models,math_with_models.jpg,,,/sites/default/files/2019-07/math_with_models.jpg,image/jpeg,Süd 2019
Memory Game,https://codingdavinci.de/de/projekte/memory-game,memory_game.png,,,/sites/default/files/2019-07/memory_game.png,image/png,Süd 2019
Musel,https://codingdavinci.de/de/projekte/musel,musel.png,,,/sites/default/files/2019-07/musel.png,image/png,Süd 2019
Schmankerl Time Machine,https://codingdavinci.de/de/projekte/schmankerl-time-machine,schmankerl_time_machine.png,,,/sites/default/files/2019-07/schmankerl_time_machine.png,image/png,Süd 2019
Spiele-Safari,https://codingdavinci.de/de/projekte/spiele-safari,spiele_safari.jpg,,,/sites/default/files/2019-07/spiele_safari.jpg,image/jpeg,Süd 2019
162 Ways to Die,https://codingdavinci.de/de/projekte/162-ways-die,ways_162_to_die.jpg,,,/sites/default/files/2019-07/ways_162_to_die.jpg,image/jpeg,Süd 2019
"Wie geht's dir, Europa?",https://codingdavinci.de/de/projekte/wie-gehts-dir-europa,wie_gehts_dir_europa.png,,,/sites/default/files/2019-07/wie_gehts_dir_europa.png,image/png,Süd 2019
Demokratie erLeben,https://codingdavinci.de/de/projekte/demokratie-erleben,demokratie_erleben.jpg,CC BY 4.0,Gerd Müller,/sites/default/files/2019-12/demokratie_erleben.jpg,image/jpeg,Westfalen-Ruhrgebiet 2019
VisualizingDaVinci,https://codingdavinci.de/de/projekte/visualizingdavinci,visualizing_davinci.jpg,CC0 1.0,,/sites/default/files/2019-12/visualizing_davinci.jpg,image/jpeg,Westfalen-Ruhrgebiet 2019
MadMemory,https://codingdavinci.de/de/projekte/madmemory,madmemory.jpg,CC0 1.0,,/sites/default/files/2019-12/madmemory.jpg,image/jpeg,Westfalen-Ruhrgebiet 2019
Mein Stadtarchiv,https://codingdavinci.de/de/projekte/mein-stadtarchiv,mein_stadtarchiv.jpg,CC0 1.0,,/sites/default/files/2019-12/mein_stadtarchiv.jpg,image/jpeg,Westfalen-Ruhrgebiet 2019
[Blomberg] VARsetzen | VR-Teil,https://codingdavinci.de/de/projekte/blomberg-varsetzen-vr-teil,blombergVARsetzen_VR.jpg,CC BY 3.0,Die Weltenweberei,/sites/default/files/2019-12/blombergVARsetzen_VR.jpg,image/jpeg,Westfalen-Ruhrgebiet 2019
[Blomberg] VARsetzen | AR-Teil,https://codingdavinci.de/de/projekte/blomberg-varsetzen-ar-teil,blombergVARsetzen_AR.jpg,CC BY 4.0,Bok und Gärtner,/sites/default/files/2019-12/blombergVARsetzen_AR.jpg,image/jpeg,Westfalen-Ruhrgebiet 2019
webARei,https://codingdavinci.de/de/projekte/webarei,webARei.jpg,CC0 1.0,,/sites/default/files/2019-12/webARei.jpg,image/jpeg,Westfalen-Ruhrgebiet 2019
Sounds without meaning,https://codingdavinci.de/de/projekte/sounds-without-meaning,sounds_without_meaning.jpg,CC BY 4.0,Leander Seige,/sites/default/files/2019-12/sounds_without_meaning.jpg,image/jpeg,Westfalen-Ruhrgebiet 2019
Sounds without meaning,https://codingdavinci.de/de/projekte/sounds-without-meaning,sounds_without_meaning.jpg,CC BY 4.0,Leander Seige,/sites/default/files/2019-12/sounds_without_meaning.jpg,image/jpeg,Westfalen-Ruhrgebiet 2019
Sounds without meaning,https://codingdavinci.de/en/projekte/sounds-without-meaning,sounds_without_meaning.jpg,CC BY 4.0,Leander Seige,/sites/default/files/2019-12/sounds_without_meaning.jpg,image/jpeg,Westfalen-Ruhrgebiet 2019
Sounds without meaning,https://codingdavinci.de/en/projekte/sounds-without-meaning,sounds_without_meaning.jpg,CC BY 4.0,Leander Seige,/sites/default/files/2019-12/sounds_without_meaning.jpg,image/jpeg,Westfalen-Ruhrgebiet 2019
Crawling Feminism,https://codingdavinci.de/de/projekte/crawling-feminism,crawling_feminism.jpg,CC BY-SA 3.0 DE,Sandra Becker,/sites/default/files/2019-12/crawling_feminism.jpg,image/jpeg,Westfalen-Ruhrgebiet 2019
Interaktive Karte für euregio-history.net,https://codingdavinci.de/de/projekte/interaktive-karte-fuer-euregio-historynet,euregiohistoryMap.jpg,CC0 1.0,,/sites/default/files/2019-12/euregiohistoryMap.jpg,image/jpeg,Westfalen-Ruhrgebiet 2019
NWBib-NRW Städte-Quiz,https://codingdavinci.de/de/projekte/nwbib-nrw-staedte-quiz,nwbiQuiz.jpg,CC0 1.0,,/sites/default/files/2019-12/nwbiQuiz.jpg,image/jpeg,Westfalen-Ruhrgebiet 2019
American Guild - Network Data,https://codingdavinci.de/de/projekte/american-guild-network-data,american_guild_0.jpg,CC0 1.0,,/sites/default/files/2020-07/american_guild_0.jpg,image/jpeg,Saar-Lor-Lux 2020
American Guild - Network Data,https://codingdavinci.de/de/projekte/american-guild-network-data,american_guild_0.jpg,CC0 1.0,,/sites/default/files/2020-07/american_guild_0.jpg,image/jpeg,Saar-Lor-Lux 2020
American Guild - Network Data,https://codingdavinci.de/fr/projekte/american-guild-network-data,american_guild_0.jpg,CC0 1.0,,/sites/default/files/2020-07/american_guild_0.jpg,image/jpeg,Saar-Lor-Lux 2020
American Guild - Network Data,https://codingdavinci.de/fr/projekte/american-guild-network-data,american_guild_0.jpg,CC0 1.0,,/sites/default/files/2020-07/american_guild_0.jpg,image/jpeg,Saar-Lor-Lux 2020
Atlas 1833,https://codingdavinci.de/de/projekte/atlas-1833,atlas_1833_0.jpg,CC0 1.0,,/sites/default/files/2020-07/atlas_1833_0.jpg,image/jpeg,Saar-Lor-Lux 2020
Atlas 1833,https://codingdavinci.de/de/projekte/atlas-1833,atlas_1833_0.jpg,CC0 1.0,,/sites/default/files/2020-07/atlas_1833_0.jpg,image/jpeg,Saar-Lor-Lux 2020
Atlas 1833,https://codingdavinci.de/fr/projekte/atlas-1833,atlas_1833_0.jpg,CC0 1.0,,/sites/default/files/2020-07/atlas_1833_0.jpg,image/jpeg,Saar-Lor-Lux 2020
Atlas 1833,https://codingdavinci.de/fr/projekte/atlas-1833,atlas_1833_0.jpg,CC0 1.0,,/sites/default/files/2020-07/atlas_1833_0.jpg,image/jpeg,Saar-Lor-Lux 2020
Atondes – virtual exploration,https://codingdavinci.de/de/projekte/atondes-virtual-exploration,atondes_0.jpg,CC0 1.0,,/sites/default/files/2020-07/atondes_0.jpg,image/jpeg,Saar-Lor-Lux 2020
Atondes – virtual exploration,https://codingdavinci.de/de/projekte/atondes-virtual-exploration,atondes_0.jpg,CC0 1.0,,/sites/default/files/2020-07/atondes_0.jpg,image/jpeg,Saar-Lor-Lux 2020
Atondes – virtual exploration,https://codingdavinci.de/de/projekte/atondes-virtual-exploration,atondes_0.jpg,CC0 1.0,,/sites/default/files/2020-07/atondes_0.jpg,image/jpeg,Saar-Lor-Lux 2020
Atondes – virtual exploration,https://codingdavinci.de/en/projekte/atondes-virtual-exploration,atondes_0.jpg,CC0 1.0,,/sites/default/files/2020-07/atondes_0.jpg,image/jpeg,Saar-Lor-Lux 2020
Atondes – virtual exploration,https://codingdavinci.de/en/projekte/atondes-virtual-exploration,atondes_0.jpg,CC0 1.0,,/sites/default/files/2020-07/atondes_0.jpg,image/jpeg,Saar-Lor-Lux 2020
Atondes – virtual exploration,https://codingdavinci.de/en/projekte/atondes-virtual-exploration,atondes_0.jpg,CC0 1.0,,/sites/default/files/2020-07/atondes_0.jpg,image/jpeg,Saar-Lor-Lux 2020
Atondes – explorations culturelles,https://codingdavinci.de/fr/projekte/atondes-explorations-culturelles,atondes_0.jpg,CC0 1.0,,/sites/default/files/2020-07/atondes_0.jpg,image/jpeg,Saar-Lor-Lux 2020
Atondes – explorations culturelles,https://codingdavinci.de/fr/projekte/atondes-explorations-culturelles,atondes_0.jpg,CC0 1.0,,/sites/default/files/2020-07/atondes_0.jpg,image/jpeg,Saar-Lor-Lux 2020
Atondes – explorations culturelles,https://codingdavinci.de/fr/projekte/atondes-explorations-culturelles,atondes_0.jpg,CC0 1.0,,/sites/default/files/2020-07/atondes_0.jpg,image/jpeg,Saar-Lor-Lux 2020
The Comedy of HTTP 404,https://codingdavinci.de/de/projekte/comedy-http-404,comedy_of_http_404_0.jpg,CC BY-SA 4.0,"Laura Lücke, Waqas Ahmad, Jasper Pöhls, Simone Kranz",/sites/default/files/2020-07/comedy_of_http_404_0.jpg,image/jpeg,Saar-Lor-Lux 2020
The Comedy of HTTP 404,https://codingdavinci.de/de/projekte/comedy-http-404,comedy_of_http_404_0.jpg,CC BY-SA 4.0,"Laura Lücke, Waqas Ahmad, Jasper Pöhls, Simone Kranz",/sites/default/files/2020-07/comedy_of_http_404_0.jpg,image/jpeg,Saar-Lor-Lux 2020
The Comedy of HTTP 404,https://codingdavinci.de/fr/projekte/comedy-http-404,comedy_of_http_404_0.jpg,CC BY-SA 4.0,"Laura Lücke, Waqas Ahmad, Jasper Pöhls, Simone Kranz",/sites/default/files/2020-07/comedy_of_http_404_0.jpg,image/jpeg,Saar-Lor-Lux 2020
The Comedy of HTTP 404,https://codingdavinci.de/fr/projekte/comedy-http-404,comedy_of_http_404_0.jpg,CC BY-SA 4.0,"Laura Lücke, Waqas Ahmad, Jasper Pöhls, Simone Kranz",/sites/default/files/2020-07/comedy_of_http_404_0.jpg,image/jpeg,Saar-Lor-Lux 2020
Goll Pairs,https://codingdavinci.de/de/projekte/goll-pairs,goll_pairs_1.jpg,CC BY-SA 4.0,"Doria Arianna Ahlgrimm, Niels Elburg",/sites/default/files/2020-07/goll_pairs_1.jpg,image/jpeg,Saar-Lor-Lux 2020
Goll Pairs,https://codingdavinci.de/de/projekte/goll-pairs,goll_pairs_1.jpg,CC BY-SA 4.0,"Doria Arianna Ahlgrimm, Niels Elburg",/sites/default/files/2020-07/goll_pairs_1.jpg,image/jpeg,Saar-Lor-Lux 2020
Goll Pairs,https://codingdavinci.de/fr/projekte/goll-pairs,goll_pairs_1.jpg,CC BY-SA 4.0,"Doria Arianna Ahlgrimm, Niels Elburg",/sites/default/files/2020-07/goll_pairs_1.jpg,image/jpeg,Saar-Lor-Lux 2020
Goll Pairs,https://codingdavinci.de/fr/projekte/goll-pairs,goll_pairs_1.jpg,CC BY-SA 4.0,"Doria Arianna Ahlgrimm, Niels Elburg",/sites/default/files/2020-07/goll_pairs_1.jpg,image/jpeg,Saar-Lor-Lux 2020
Horizonte,https://codingdavinci.de/de/projekte/horizonte,horizonte_0.jpg,CC BY 4.0,"Katja Rempel, Catharina Grözinger, Sandra Kraemer, Nina Jäger",/sites/default/files/2020-07/horizonte_0.jpg,image/jpeg,Saar-Lor-Lux 2020
Horizonte,https://codingdavinci.de/de/projekte/horizonte,horizonte_0.jpg,CC BY 4.0,"Katja Rempel, Catharina Grözinger, Sandra Kraemer, Nina Jäger",/sites/default/files/2020-07/horizonte_0.jpg,image/jpeg,Saar-Lor-Lux 2020
Horizons,https://codingdavinci.de/fr/projekte/horizons,horizonte_0.jpg,CC BY 4.0,"Katja Rempel, Catharina Grözinger, Sandra Kraemer, Nina Jäger",/sites/default/files/2020-07/horizonte_0.jpg,image/jpeg,Saar-Lor-Lux 2020
Horizons,https://codingdavinci.de/fr/projekte/horizons,horizonte_0.jpg,CC BY 4.0,"Katja Rempel, Catharina Grözinger, Sandra Kraemer, Nina Jäger",/sites/default/files/2020-07/horizonte_0.jpg,image/jpeg,Saar-Lor-Lux 2020
Majorelle Mystery,https://codingdavinci.de/de/projekte/majorelle-mystery,majorelle_mystery_0.jpg,CC BY 4.0,"Lea Gleißner, Berenike Rensinghoff, Jörg Reichert, Melisa Kujevic, Anastasia Bauch, Sonja Heinze, Paul Herrmann, Marie-Laure Steinfeltz, Sophie Toulouze",/sites/default/files/2020-07/majorelle_mystery_0.jpg,image/jpeg,Saar-Lor-Lux 2020
Majorelle Mystery,https://codingdavinci.de/de/projekte/majorelle-mystery,majorelle_mystery_0.jpg,CC BY 4.0,"Lea Gleißner, Berenike Rensinghoff, Jörg Reichert, Melisa Kujevic, Anastasia Bauch, Sonja Heinze, Paul Herrmann, Marie-Laure Steinfeltz, Sophie Toulouze",/sites/default/files/2020-07/majorelle_mystery_0.jpg,image/jpeg,Saar-Lor-Lux 2020
Majorelle Mystery,https://codingdavinci.de/fr/projekte/majorelle-mystery,majorelle_mystery_0.jpg,CC BY 4.0,"Lea Gleißner, Berenike Rensinghoff, Jörg Reichert, Melisa Kujevic, Anastasia Bauch, Sonja Heinze, Paul Herrmann, Marie-Laure Steinfeltz, Sophie Toulouze",/sites/default/files/2020-07/majorelle_mystery_0.jpg,image/jpeg,Saar-Lor-Lux 2020
Majorelle Mystery,https://codingdavinci.de/fr/projekte/majorelle-mystery,majorelle_mystery_0.jpg,CC BY 4.0,"Lea Gleißner, Berenike Rensinghoff, Jörg Reichert, Melisa Kujevic, Anastasia Bauch, Sonja Heinze, Paul Herrmann, Marie-Laure Steinfeltz, Sophie Toulouze",/sites/default/files/2020-07/majorelle_mystery_0.jpg,image/jpeg,Saar-Lor-Lux 2020
Once more with feeling - Collectiontagger,https://codingdavinci.de/de/projekte/once-more-feeling-collectiontagger,once_more_with_feeling_0.jpg,CC0 1.0,,/sites/default/files/2020-07/once_more_with_feeling_0.jpg,image/jpeg,Saar-Lor-Lux 2020
Once more with feeling - Collectiontagger,https://codingdavinci.de/de/projekte/once-more-feeling-collectiontagger,once_more_with_feeling_0.jpg,CC0 1.0,,/sites/default/files/2020-07/once_more_with_feeling_0.jpg,image/jpeg,Saar-Lor-Lux 2020
Once more with feeling - Collectiontagger,https://codingdavinci.de/fr/projekte/once-more-feeling-collectiontagger,once_more_with_feeling_0.jpg,CC0 1.0,,/sites/default/files/2020-07/once_more_with_feeling_0.jpg,image/jpeg,Saar-Lor-Lux 2020
Once more with feeling - Collectiontagger,https://codingdavinci.de/fr/projekte/once-more-feeling-collectiontagger,once_more_with_feeling_0.jpg,CC0 1.0,,/sites/default/files/2020-07/once_more_with_feeling_0.jpg,image/jpeg,Saar-Lor-Lux 2020
Supertrumpf-Kartenspielgenerator,https://codingdavinci.de/de/projekte/supertrumpf-kartenspielgenerator,supertrumpf_0.jpg,CC BY-SA 3.0,"Pierre-Jean Guéno, Robin",/sites/default/files/2020-07/supertrumpf_0.jpg,image/jpeg,Saar-Lor-Lux 2020
Supertrumpf-Kartenspielgenerator,https://codingdavinci.de/de/projekte/supertrumpf-kartenspielgenerator,supertrumpf_0.jpg,CC BY-SA 3.0,"Pierre-Jean Guéno, Robin",/sites/default/files/2020-07/supertrumpf_0.jpg,image/jpeg,Saar-Lor-Lux 2020
Supertrumpf-Kartenspielgenerator,https://codingdavinci.de/fr/projekte/supertrumpf-kartenspielgenerator,supertrumpf_0.jpg,CC BY-SA 3.0,"Pierre-Jean Guéno, Robin",/sites/default/files/2020-07/supertrumpf_0.jpg,image/jpeg,Saar-Lor-Lux 2020
Supertrumpf-Kartenspielgenerator,https://codingdavinci.de/fr/projekte/supertrumpf-kartenspielgenerator,supertrumpf_0.jpg,CC BY-SA 3.0,"Pierre-Jean Guéno, Robin",/sites/default/files/2020-07/supertrumpf_0.jpg,image/jpeg,Saar-Lor-Lux 2020
FabSeal,https://codingdavinci.de/de/projekte/fabseal,fabseallogo_klein.png,CC BY-SA 4.0,Joana Bergsiek,/sites/default/files/2021-01/fabseallogo_klein.png,image/png,Niedersachsen 2020
Plantala,https://codingdavinci.de/de/projekte/plantala,mandala-logo_rechteckig.png,CC BY-SA 4.0,Anne Mühlich,/sites/default/files/2021-01/mandala-logo_rechteckig.png,image/png,Niedersachsen 2020
Collective Pairs,https://codingdavinci.de/de/projekte/collective-pairs,pairs_0.jpeg,CC BY-SA 4.0,www.dorisahlgrimm.de,/sites/default/files/2021-01/pairs_0.jpeg,image/jpeg,Niedersachsen 2020
Spielhaus Schloss Evenburg Digital,https://codingdavinci.de/de/projekte/spielhaus-schloss-evenburg-digital,bildschirmfoto-2021-01-03-um-13.03.50.png,CC BY-SA 3.0 DE,dorisahlgrimm.de,/sites/default/files/2021-01/bildschirmfoto-2021-01-03-um-13.03.50.png,image/png,Niedersachsen 2020
Appsolutly Old,https://codingdavinci.de/de/projekte/appsolutly-old,appsolutly-old.png,CC BY-SA 4.0,"Kira Lorberg, Lukas Sontheimer",/sites/default/files/2021-01/appsolutly-old.png,image/png,Niedersachsen 2020
Maschinenlerner,https://codingdavinci.de/de/projekte/maschinenlerner,padding.jpeg,CC BY-SA 3.0 DE,Pit Noack / Team Maschinenlerner,/sites/default/files/2021-01/padding.jpeg,image/jpeg,Niedersachsen 2020
"Interaktives ""Souvenir aus Rom""",https://codingdavinci.de/de/projekte/interaktives-souvenir-aus-rom,web_rehberg-album-cover.jpg,,Das Rehberg-Album,/sites/default/files/2021-01/web_rehberg-album-cover.jpg,image/jpeg,Niedersachsen 2020
Virtueller Rundgang,https://codingdavinci.de/de/projekte/virtueller-rundgang,virtuellerrundganginnenansicht.png,CC BY-SA 4.0,Team Blaubeertorte,/sites/default/files/2021-01/virtuellerrundganginnenansicht.png,image/png,Niedersachsen 2020
Herzog VR August,https://codingdavinci.de/de/projekte/herzog-vr-august,thumbnail.png,CC BY-SA 3.0,Herzog VR August Team,/sites/default/files/2021-01/thumbnail.png,image/png,Niedersachsen 2020
Herzog VR August,https://codingdavinci.de/de/projekte/herzog-vr-august,thumbnail.png,CC BY-SA 3.0,Herzog VR August Team,/sites/default/files/2021-01/thumbnail.png,image/png,Niedersachsen 2020
Herzog VR August,https://codingdavinci.de/en/projekte/herzog-vr-august,thumbnail.png,CC BY-SA 3.0,Herzog VR August Team,/sites/default/files/2021-01/thumbnail.png,image/png,Niedersachsen 2020
Herzog VR August,https://codingdavinci.de/en/projekte/herzog-vr-august,thumbnail.png,CC BY-SA 3.0,Herzog VR August Team,/sites/default/files/2021-01/thumbnail.png,image/png,Niedersachsen 2020
3D-Scans,https://codingdavinci.de/de/projekte/3d-scans,projektgrafik.png,public domain,,/sites/default/files/2021-01/projektgrafik.png,image/png,Niedersachsen 2020
The Brick Museum,https://codingdavinci.de/de/projekte/brick-museum,museum-schichten.png,CC BY-SA 4.0,Dithmarscher Landesmuseum + Tursics,/sites/default/files/2021-06/museum-schichten.png,image/png,Schleswig-Holstein 2021
Spaß mit Wappen,https://codingdavinci.de/de/projekte/spass-mit-wappen,cover2.png,CC0 1.0,Cover,/sites/default/files/2021-06/cover2.png,image/png,Schleswig-Holstein 2021
Historischer Kleiderschrank,https://codingdavinci.de/de/projekte/historischer-kleiderschrank,webseitenbild_0.jpg,CC BY 4.0,Ronja Erhardt,/sites/default/files/2021-06/webseitenbild_0.jpg,image/jpeg,Schleswig-Holstein 2021
Kann KI mit offenen Daten kreative sein?,https://codingdavinci.de/de/projekte/kann-ki-mit-offenen-daten-kreative-sein,5-2_0.png,CC BY 3.0,Niels Becker,/sites/default/files/2021-05/5-2_0.png,image/png,Schleswig-Holstein 2021
archiv criminalis,https://codingdavinci.de/de/projekte/archiv-criminalis,titelbild2.png,CC BY-SA 4.0,Archiv Criminalis,/sites/default/files/2021-05/titelbild2.png,image/png,Schleswig-Holstein 2021
Intersubjektive Kunstkarte / IK,https://codingdavinci.de/de/projekte/intersubjektive-kunstkarte-ik,logo.png,public domain,,/sites/default/files/2021-06/logo.png,image/png,Schleswig-Holstein 2021
Schaufel und Schweiß,https://codingdavinci.de/de/projekte/schaufel-und-schweiss,unbenannt-1_zeichenflache-1-kopie-2.png,CC BY 3.0 DE,,/sites/default/files/2021-06/unbenannt-1_zeichenflache-1-kopie-2.png,image/png,Schleswig-Holstein 2021
Numisma,https://codingdavinci.de/de/projekte/numisma,numismatitelbild2_0.png,CC BY-SA 4.0,Numisma CDV SH 2021,/sites/default/files/2021-06/numismatitelbild2_0.png,image/png,Schleswig-Holstein 2021
Vogelkieker - Vogelbeobachtungen Sylt,https://codingdavinci.de/de/projekte/vogelkieker-vogelbeobachtungen-sylt,profilbidl_zeichenflache-1_quad_1.png,CC BY 4.0,Vogelkieker-Team,/sites/default/files/2021-06/profilbidl_zeichenflache-1_quad_1.png,image/png,Schleswig-Holstein 2021
Der Münzschatz von Westerland,https://codingdavinci.de/de/projekte/der-muenzschatz-von-westerland,bild1_muenzen_zeichenflache-1.png,CC BY 3.0,Ramona Wahl,/sites/default/files/2021-06/bild1_muenzen_zeichenflache-1.png,image/png,Schleswig-Holstein 2021
Ephemeral,https://codingdavinci.de/de/projekte/ephemeral,1-nft-2.gif,CC BY-SA 4.0,Annika Drießen,/sites/default/files/2021-06/1-nft-2.gif,image/gif,Schleswig-Holstein 2021
Following Quedenfeldt,https://codingdavinci.de/de/projekte/following-quedenfeldt,2021-10-11-13_07_59-following-quedenfeldt-_-coding-da-vinci.jpg,CC BY 3.0 DE,Michael Cieslik,/sites/default/files/2021-10/2021-10-11-13_07_59-following-quedenfeldt-_-coding-da-vinci.jpg,image/jpeg,Nieder.Rhein.Land 2021
JULALA = Webanwendung + Malheft für Kinder und Erwachsene,https://codingdavinci.de/de/projekte/julala-webanwendung-malheft-fuer-kinder-und-erwachsene,pikto-julala_cdvuebersicht.png,CC BY 4.0,Liane Hellmund,/sites/default/files/2021-10/pikto-julala_cdvuebersicht.png,image/png,Nieder.Rhein.Land 2021
Bilderbazar - Eine Zeitmaschine,https://codingdavinci.de/de/projekte/bilderbazar-eine-zeitmaschine,1563_0.png,CC BY 3.0,Frank Horlitz,/sites/default/files/2021-11/1563_0.png,image/png,Nieder.Rhein.Land 2021
Daumier auf neuen Wegen,https://codingdavinci.de/de/projekte/daumier-auf-neuen-wegen,daumier_theater.gif,public domain,,/sites/default/files/2021-10/daumier_theater.gif,image/gif,Nieder.Rhein.Land 2021
Kunterbunt,https://codingdavinci.de/de/projekte/kunterbunt,banner_0.png,CC BY-SA 3.0 DE,"Rheinisches Bildarchiv Köln / Römisch Germanisches Museum Köln / Anja Wegner, bearbeitet + Thomas Tursics",/sites/default/files/2021-10/banner_0.png,image/png,Nieder.Rhein.Land 2021
Kleinanzeigen aus dem Vorwärts von 1891,https://codingdavinci.de/de/projekte/kleinanzeigen-aus-dem-vorwaerts-von-1891,bildschirmfoto-2021-11-04-um-10.58.32.png,CC BY 4.0,Archiv der sozialen Demokratie,/sites/default/files/2021-11/bildschirmfoto-2021-11-04-um-10.58.32.png,image/png,Nieder.Rhein.Land 2021
Pallenberg Dias - ein illustriertes VR Erlebnis,https://codingdavinci.de/de/projekte/pallenberg-dias-ein-illustriertes-vr-erlebnis,360-vr-pallenberg-anfangsszenario_titelbild1.png,CC BY 4.0,Pia Mennemeier,/sites/default/files/2021-11/360-vr-pallenberg-anfangsszenario_titelbild1.png,image/png,Nieder.Rhein.Land 2021
DIN AR 6: Großes Kino im Postkartenformat,https://codingdavinci.de/de/projekte/din-ar-6-grosses-kino-im-postkartenformat,coding-da-vinci-3.png,,,/sites/default/files/2021-10/coding-da-vinci-3.png,image/png,Nieder.Rhein.Land 2021
CLOCKS ATTACK!!!,https://codingdavinci.de/de/projekte/clocks-attack,1631508787401.png,CC BY-SA 3.0 DE,Leander Seige,/sites/default/files/2021-11/1631508787401.png,image/png,Nieder.Rhein.Land 2021
Karten für Zeitreisende,https://codingdavinci.de/de/projekte/karten-fuer-zeitreisende,app-cover.jpg,CC BY-SA 4.0,Constantin Litvak,/sites/default/files/2021-11/app-cover.jpg,image/jpeg,Nieder.Rhein.Land 2021
Research Generative Design,https://codingdavinci.de/de/projekte/research-generative-design,makk_visualisierung1-aktuelle-ansicht.png,CC BY 4.0,Laura Maréchal,/sites/default/files/2021-11/makk_visualisierung1-aktuelle-ansicht.png,image/png,Nieder.Rhein.Land 2021
Julies Traum - aus dem Tagebuch einer jungen BAZAR-Leserin,https://codingdavinci.de/de/projekte/julies-traum-aus-dem-tagebuch-einer-jungen-bazar-leserin,julies-traum.png,public domain,,/sites/default/files/2021-11/julies-traum.png,image/png,Nieder.Rhein.Land 2021
Wishing Well,https://codingdavinci.de/de/projekte/wishing-well,logo_0.jpg,CC BY 4.0,Jasper Meiners,/sites/default/files/2022-04/logo_0.jpg,image/jpeg,Ost³ 2022
UHF-converter,https://codingdavinci.de/de/projekte/uhf-converter,picture.JPG,public domain,,/sites/default/files/2022-04/picture.JPG,image/jpeg,Ost³ 2022
Old photos become influencers,https://codingdavinci.de/de/projekte/old-photos-become-influencers,hirschfelde1.png,CC BY 4.0,Nils Kochan,/sites/default/files/2022-04/hirschfelde1.png,image/png,Ost³ 2022
Ein Tag im Leben eines Steinarbeiters,https://codingdavinci.de/de/projekte/ein-tag-im-leben-eines-steinarbeiters,279014154_725864651744283_6204122945402710514_n Cropped.jpg,public domain,,/sites/default/files/2022-04/279014154_725864651744283_6204122945402710514_n%20Cropped.jpg,image/jpeg,Ost³ 2022
"#Tagmotion, Tags im Museum",https://codingdavinci.de/de/projekte/tagmotion-tags-im-museum,1647793111821.jpg,CC BY 4.0,"Steve Krämer, Lukas Kliemank, Julia Arning, Robert Stanley, Romy Krämer, Juliane Flade, Peter Wolf, Maria Häuber",/sites/default/files/2022-04/1647793111821.jpg,image/jpeg,Ost³ 2022
#hammerpairs,https://codingdavinci.de/de/projekte/hammerpairs,220424_pairs_front-07.png,CC BY 3.0,collectivepairs,/sites/default/files/2022-04/220424_pairs_front-07.png,image/png,Ost³ 2022
Abstract Visioner,https://codingdavinci.de/de/projekte/abstract-visioner,AV logo.png,public domain,,/sites/default/files/2022-04/AV%20logo.png,image/png,Ost³ 2022
Paracosm - mindful maps,https://codingdavinci.de/de/projekte/paracosm-mindful-maps,Screen Shot 2022-04-25 at 22.00.53_0.png,CC BY-SA 3.0 PL,"Katarzyna Bazylczyk, Magdalena Szary",/sites/default/files/2022-04/Screen%20Shot%202022-04-25%20at%2022.00.53_0.png,image/png,Ost³ 2022
Silbermann Reloaded,https://codingdavinci.de/de/projekte/silbermann-reloaded,silbermann-reloaded-23.jpg,CC BY-SA 4.0,Europeana + Matthias Müller-Prove,/sites/default/files/2022-04/silbermann-reloaded-23.jpg,image/jpeg,Ost³ 2022
Radikale Gespräche,https://codingdavinci.de/de/projekte/radikale-gespraeche,WEBSITE.jpg,CC BY-SA 3.0,Sonja Meiners,/sites/default/files/2022-04/WEBSITE.jpg,image/jpeg,Ost³ 2022
webweb,https://codingdavinci.de/de/projekte/webweb,hero_image_small.png,CC BY 4.0,"Nils Kochan, Katja Rempel",/sites/default/files/2022-04/hero_image_small.png,image/png,Ost³ 2022
Fine Young Radicals,https://codingdavinci.de/de/projekte/fine-young-radicals,Stempel-Titelbild.jpg,CC BY-SA 3.0 DE,Regina Rullmann,/sites/default/files/2022-04/Stempel-Titelbild.jpg,image/jpeg,Ost³ 2022
Dackel in Trouble,https://codingdavinci.de/de/projekte/dackel-trouble,dackel_in_trouble_projectsplash.jpg,CC BY 4.0,Dackel in Trouble Team CdV Ost3,/sites/default/files/2022-04/dackel_in_trouble_projectsplash.jpg,image/jpeg,Ost³ 2022
Liquitecture,https://codingdavinci.de/de/projekte/liquitecture,Bez nazwy-1_1.jpg,CC BY-SA 3.0,"Adrian Kulik, Tomasz Przybyłek, Joerg Reichert",/sites/default/files/2022-04/Bez%20nazwy-1_1.jpg,image/jpeg,Ost³ 2022
BackToTheMap,https://codingdavinci.de/de/projekte/backtothemap,image843.png,CC0 1.0,,/sites/default/files/2022-04/image843.png,image/png,Ost³ 2022
Loxper virtual guide,https://codingdavinci.de/de/projekte/loxper-virtual-guide,Loxper-street-03_1.jpg,public domain,,/sites/default/files/2022-04/Loxper-street-03_1.jpg,image/jpeg,Ost³ 2022
Klingende Mathemodelle in VR,https://codingdavinci.de/de/projekte/klingende-mathemodelle-vr,Screenshot.png,CC BY-SA 3.0,N. Schwirz,/sites/default/files/2022-04/Screenshot.png,image/png,Ost³ 2022
Klingende Mathemodelle in VR,https://codingdavinci.de/de/projekte/klingende-mathemodelle-vr,Screenshot.png,CC BY-SA 3.0,N. Schwirz,/sites/default/files/2022-04/Screenshot.png,image/png,Ost³ 2022
Melodic mathematical models in VR,https://codingdavinci.de/en/projekte/melodic-mathematical-models-vr,Screenshot.png,CC BY-SA 3.0,N. Schwirz,/sites/default/files/2022-04/Screenshot.png,image/png,Ost³ 2022
Melodic mathematical models in VR,https://codingdavinci.de/en/projekte/melodic-mathematical-models-vr,Screenshot.png,CC BY-SA 3.0,N. Schwirz,/sites/default/files/2022-04/Screenshot.png,image/png,Ost³ 2022
Casus Castellum,https://codingdavinci.de/de/projekte/casus-castellum,icon2_resized.png,CC BY-SA 4.0,Johanna Kuch,/sites/default/files/2022-06/icon2_resized.png,image/png,Baden-Württemberg 2022
Gargoyles Tower Defense,https://codingdavinci.de/de/projekte/gargoyles-tower-defense,WhatsApp Image 2022-06-06 at 23.39.38.jpeg,public domain,,/sites/default/files/2022-06/WhatsApp%20Image%202022-06-06%20at%2023.39.38.jpeg,image/jpeg,Baden-Württemberg 2022
Emakimono,https://codingdavinci.de/de/projekte/emakimono,DEEE5459-DBA0-4BB8-B297-2B466965CBA6.png,CC0 1.0,,/sites/default/files/2022-08/DEEE5459-DBA0-4BB8-B297-2B466965CBA6.png,image/png,Baden-Württemberg 2022
Hinter dem Rahmen - Immersives XR-Erlebnis,https://codingdavinci.de/de/projekte/hinter-dem-rahmen-immersives-xr-erlebnis,VR-Room.png,CC BY-SA 4.0,Anna-Lena Niethammer,/sites/default/files/2022-06/VR-Room.png,image/png,Baden-Württemberg 2022
Yabusame!!,https://codingdavinci.de/de/projekte/yabusame,Title.png,CC BY 4.0,Patrick Muczczek,/sites/default/files/2022-06/Title.png,image/png,Baden-Württemberg 2022
Time Flies,https://codingdavinci.de/de/projekte/time-flies,Coding Da Vinci 2022.png,CC BY 4.0,Florian Diller,/sites/default/files/2022-06/Coding%20Da%20Vinci%202022.png,image/png,Baden-Württemberg 2022
47 Rōnin,https://codingdavinci.de/de/projekte/47-ronin,Untitled.png,CC0 1.0,,/sites/default/files/2022-06/Untitled.png,image/png,Baden-Württemberg 2022
Unravelling Art,https://codingdavinci.de/de/projekte/unravelling-art,Unravelling Art (1).png,public domain,,/sites/default/files/2022-06/Unravelling%20Art%20%281%29.png,image/png,Baden-Württemberg 2022
FLECTURE,https://codingdavinci.de/de/projekte/flecture,Image from iOS.png,CC BY-SA 4.0,Anna-Saray Rohmann,/sites/default/files/2022-06/Image%20from%20iOS.png,image/png,Baden-Württemberg 2022
HAMMERLORD,https://codingdavinci.de/de/projekte/hammerlord,header.png,CC BY-SA 4.0,"Hammerlord ein Original Spiel von: Maxime Caruso, Jeanna Nechypurenko, Lars Degen, Jannik Schätzle, Leonie Kahn",/sites/default/files/2022-06/header.png,image/png,Baden-Württemberg 2022
Stuttg'Art,https://codingdavinci.de/de/projekte/stuttgart,LogoPublic_0.png,CC BY 3.0,Selina Kässmann,/sites/default/files/2022-06/LogoPublic_0.png,image/png,Baden-Württemberg 2022
Italiensehnsucht: Mysterium des Fohr,https://codingdavinci.de/de/projekte/italiensehnsucht-mysterium-des-fohr,TitelBildMyteriumDesFohrs.png,CC BY 3.0 DE,"Erik Böpple, Marie-Hélène Baten",/sites/default/files/2022-06/TitelBildMyteriumDesFohrs.png,image/png,Baden-Württemberg 2022
Flugblättlefieber,https://codingdavinci.de/de/projekte/flugblaettlefieber,BannerV2.png,CC BY 3.0 DE,Flugblättle-Team,/sites/default/files/2022-06/BannerV2.png,image/png,Baden-Württemberg 2022
ansights,https://codingdavinci.de/de/projekte/ansights,logo_ansights_jpg.jpg,CC BY-SA 4.0,,/sites/default/files/2022-06/logo_ansights_jpg.jpg,image/jpeg,Baden-Württemberg 2022
Troia erleben,https://codingdavinci.de/de/projekte/troia-erleben,WhatsApp Image 2022-05-08 at 15.08.17.jpeg,CC BY 4.0,Stephan Blum,/sites/default/files/2022-06/WhatsApp%20Image%202022-05-08%20at%2015.08.17.jpeg,image/jpeg,Baden-Württemberg 2022
Yabusame - Ritterspiele,https://codingdavinci.de/de/projekte/yabusame-ritterspiele,Yabusame.png,public domain,,/sites/default/files/2022-06/Yabusame.png,image/png,Baden-Württemberg 2022
#halligallipairs,https://codingdavinci.de/de/projekte/halligallipairs,544bb877-3192-4327-874c-7294caf502b5.JPG,CC BY 4.0,Collective Pairs,/sites/default/files/2022-06/544bb877-3192-4327-874c-7294caf502b5.JPG,image/jpeg,Baden-Württemberg 2022
GarGOyle,https://codingdavinci.de/de/projekte/gargoyle,Samy mit Nachthimmel.png,CC BY-SA 3.0,Regina Rullmann,/sites/default/files/2022-06/Samy%20mit%20Nachthimmel.png,image/png,Baden-Württemberg 2022
ScrapHumor,https://codingdavinci.de/de/projekte/scraphumor,PPT Cover square_3.png,CC BY-SA 4.0,2022 ScrapHumor,/sites/default/files/2022-06/PPT%20Cover%20square_3.png,image/png,Baden-Württemberg 2022
Capture the Wild - a spectacular video journey,https://codingdavinci.de/de/projekte/capture-wild-spectacular-video-journey,Gruppenbild_final2.jpg,CC BY-SA 3.0,"Carlotta Reinders, Icaro Orengo, Philipp Wandel",/sites/default/files/2022-06/Gruppenbild_final2.jpg,image/jpeg,Baden-Württemberg 2022
History Map,https://codingdavinci.de/de/projekte/history-map,historymap.png,public domain,,/sites/default/files/2022-06/historymap.png,image/png,Baden-Württemberg 2022
KM3-Image-AI,https://codingdavinci.de/de/projekte/km3-image-ai,kmj.png,public domain,,/sites/default/files/2022-06/kmj.png,image/png,Baden-Württemberg 2022
JaRm,https://codingdavinci.de/de/projekte/jarm,afnstudios.png,public domain,,/sites/default/files/2022-06/afnstudios.png,image/png,Baden-Württemberg 2022
Analyse der Tübinger Studentendaten,https://codingdavinci.de/de/projekte/analyse-der-tuebinger-studentendaten,cdv.jpg,public domain,,/sites/default/files/2022-06/cdv.jpg,image/jpeg,Baden-Württemberg 2022
"KIS - ""Kunst im Städtle""",https://codingdavinci.de/de/projekte/kis-kunst-im-staedtle,,public domain,,,,Baden-Württemberg 2022
Monster_Lab,https://codingdavinci.de/de/projekte/monsterlab,F_monsterlab_01_BenBrenner.png,,,/sites/default/files/2022-08/F_monsterlab_01_BenBrenner.png,image/png,Baden-Württemberg 2022
ArtXFashion AI Designer,https://codingdavinci.de/de/projekte/artxfashion-ai-designer,artxfashionaidesignerlogo.png,,,/sites/default/files/2022-06/artxfashionaidesignerlogo.png,image/png,Baden-Württemberg 2022
Dating App: LOOK AT ME,https://codingdavinci.de/de/projekte/dating-app-look-me,cover.jpeg,CC BY 4.0,"Franz Xaver Winterhalter, Die Briefleserin, 1860, Augustinermuseum, M 32/011, Foto: Axel Killian",/sites/default/files/2022-06/cover.jpeg,image/jpeg,Baden-Württemberg 2022